,kezdő napja,záró napja,0-34,35-39,40-44,45-49,50-54,55-59,60-64,65-69,70-74,75-79,80-84,84-89,90-120,Összesen
0,2014. december 29.,2015. január 4.,41,17,21,48,106,157,270,258,301,388,502,423,268,2 800
1,2015. január 5.,2015. január 11.,36,9,43,56,93,202,291,295,329,402,498,407,344,3 005
2,2015. január 12.,2015. január 18.,34,17,21,52,100,175,262,257,348,415,458,448,313,2 900
3,2015. január 19.,2015. január 25.,40,22,23,55,98,181,281,296,335,402,507,460,305,3 005
4,2015. január 26.,2015. február 1.,32,18,37,46,85,183,266,284,341,428,498,505,344,3 067
5,2015. február 2.,2015. február 8.,36,13,30,70,112,179,267,347,393,456,549,520,378,3 350
6,2015. február 9.,2015. február 15.,24,25,33,55,92,176,267,326,354,426,609,536,357,3 280
7,2015. február 16.,2015. február 22.,43,18,32,44,84,199,268,301,395,459,542,572,392,3 349
8,2015. február 23.,2015. március 1.,29,19,31,52,96,169,264,243,375,421,536,525,360,3 120
9,2015. március 2.,2015. március 8.,34,16,29,61,101,176,223,290,311,412,512,478,319,2 962
10,2015. március 9.,2015. március 15.,32,19,22,61,98,157,251,270,326,359,463,454,265,2 777
11,2015. március 16.,2015. március 22.,27,21,29,47,108,172,235,267,328,390,450,393,297,2 764
12,2015. március 23.,2015. március 29.,29,18,22,46,96,169,256,254,319,367,464,392,258,2 690
13,2015. március 30.,2015. április 5.,30,22,31,46,75,171,240,260,300,369,440,380,275,2 639
14,2015. április 6.,2015. április 12.,31,16,25,52,75,172,268,248,286,345,455,343,296,2 612
15,2015. április 13.,2015. április 19.,26,24,33,46,75,137,259,250,301,371,438,393,259,2 612
16,2015. április 20.,2015. április 26.,28,22,30,59,75,157,228,268,303,347,407,404,270,2 598
17,2015. április 27.,2015. május 3.,34,17,33,50,76,156,200,246,315,306,433,333,268,2 467
18,2015. május 4.,2015. május 10.,37,11,35,54,76,146,220,246,265,290,423,347,270,2 420
19,2015. május 11.,2015. május 17.,38,16,28,38,89,147,239,238,251,326,367,320,196,2 293
20,2015. május 18.,2015. május 24.,28,19,24,49,75,159,233,218,255,307,365,317,225,2 274
21,2015. május 25.,2015. május 31.,34,16,31,46,75,141,235,230,246,279,329,313,202,2 177
22,2015. június 1.,2015. június 7.,46,6,27,40,86,162,219,276,301,324,383,333,231,2 434
23,2015. június 8.,2015. június 14.,34,18,22,47,72,149,262,231,278,301,327,308,249,2 298
24,2015. június 15.,2015. június 21.,39,19,30,47,61,127,199,204,214,255,344,296,232,2 067
25,2015. június 22.,2015. június 28.,44,18,29,40,81,139,209,225,280,266,320,283,207,2 141
26,2015. június 29.,2015. július 5.,36,18,21,41,92,154,210,244,292,333,382,313,247,2 383
27,2015. július 6.,2015. július 12.,40,10,21,63,91,151,257,225,291,329,407,339,267,2 491
28,2015. július 13.,2015. július 19.,48,23,29,47,89,158,249,208,260,276,386,346,239,2 358
29,2015. július 20.,2015. július 26.,57,18,19,60,89,150,241,236,323,356,425,381,270,2 625
30,2015. július 27.,2015. augusztus 2.,32,19,25,37,72,129,194,224,218,248,326,287,209,2 020
31,2015. augusztus 3.,2015. augusztus 9.,42,13,28,44,91,125,250,245,295,311,368,328,238,2 378
32,2015. augusztus 10.,2015. augusztus 16.,33,21,39,43,105,155,249,304,314,343,436,413,292,2 747
33,2015. augusztus 17.,2015. augusztus 23.,31,12,22,47,78,128,201,191,195,271,317,300,209,2 002
34,2015. augusztus 24.,2015. augusztus 30.,32,23,26,59,69,142,212,218,246,307,349,337,262,2 282
35,2015. augusztus 31.,2015. szeptember 6.,24,18,19,47,66,137,208,215,267,323,325,337,234,2 220
36,2015. szeptember 7.,2015. szeptember 13.,34,14,26,58,82,165,211,235,232,251,358,293,233,2 192
37,2015. szeptember 14.,2015. szeptember 20.,27,17,29,53,83,159,223,252,270,317,373,360,216,2 379
38,2015. szeptember 21.,2015. szeptember 27.,33,18,27,41,79,126,228,222,261,276,345,280,211,2 147
39,2015. szeptember 28.,2015. október 4.,26,16,28,42,70,169,214,226,261,287,314,290,249,2 192
40,2015. október 5.,2015. október 11.,29,21,22,47,76,140,217,231,271,342,378,316,242,2 332
41,2015. október 12.,2015. október 18.,28,15,33,58,89,144,223,248,278,321,353,395,278,2 463
42,2015. október 19.,2015. október 25.,36,15,26,55,84,149,230,233,307,309,395,371,227,2 437
43,2015. október 26.,2015. november 1.,31,13,24,43,91,163,233,259,257,314,391,343,256,2 418
44,2015. november 2.,2015. november 8.,38,14,28,44,78,166,250,245,274,332,395,330,231,2 425
45,2015. november 9.,2015. november 15.,42,16,33,47,65,145,231,218,252,298,398,337,233,2 315
46,2015. november 16.,2015. november 22.,28,11,21,39,84,141,226,250,275,310,401,375,279,2 440
47,2015. november 23.,2015. november 29.,25,16,22,47,92,154,237,234,272,328,404,355,203,2 389
48,2015. november 30.,2015. december 6.,30,15,31,47,77,162,242,252,259,311,365,366,228,2 385
49,2015. december 7.,2015. december 13.,45,27,17,53,76,141,233,254,280,345,360,352,235,2 418
50,2015. december 14.,2015. december 20.,36,23,31,60,82,165,243,244,262,300,368,354,238,2 406
51,2015. december 21.,2015. december 27.,32,21,23,58,94,161,239,269,272,347,408,334,256,2 514
52,2015. december 28.,2016. január 3.,17,13,32,48,80,166,285,252,280,358,395,342,251,2 519
53,2016. január 4.,2016. január 10.,32,15,33,62,88,161,279,288,327,358,445,406,329,2 823
54,2016. január 11.,2016. január 17.,24,13,29,63,85,151,255,277,316,347,402,397,281,2 640
55,2016. január 18.,2016. január 24.,38,19,23,56,96,153,221,259,315,321,418,402,241,2 562
56,2016. január 25.,2016. január 31.,21,12,38,54,75,152,229,271,286,339,428,422,288,2 615
57,2016. február 1.,2016. február 7.,30,20,20,56,74,161,221,243,266,346,416,361,269,2 483
58,2016. február 8.,2016. február 14.,38,14,33,59,88,146,261,297,299,341,408,371,285,2 640
59,2016. február 15.,2016. február 21.,25,28,28,53,80,139,245,277,322,334,389,378,277,2 575
60,2016. február 22.,2016. február 28.,48,16,24,55,82,153,235,249,263,347,371,369,279,2 491
61,2016. február 29.,2016. március 6.,32,12,19,44,65,164,262,285,301,350,388,347,266,2 535
62,2016. március 7.,2016. március 13.,26,19,41,48,78,145,238,287,263,353,384,363,251,2 496
63,2016. március 14.,2016. március 20.,34,17,21,44,87,138,238,252,314,333,388,318,254,2 438
64,2016. március 21.,2016. március 27.,33,13,19,53,82,151,240,245,263,346,420,371,245,2 481
65,2016. március 28.,2016. április 3.,22,14,32,44,85,165,244,280,272,344,384,376,275,2 537
66,2016. április 4.,2016. április 10.,32,17,24,42,89,149,235,245,305,333,364,365,256,2 456
67,2016. április 11.,2016. április 17.,42,18,24,66,76,133,220,262,223,335,352,325,242,2 318
68,2016. április 18.,2016. április 24.,27,11,31,49,63,142,216,247,259,337,359,348,260,2 349
69,2016. április 25.,2016. május 1.,41,21,28,54,64,140,240,276,240,305,396,314,245,2 364
70,2016. május 2.,2016. május 8.,26,16,29,44,71,124,217,267,268,291,344,322,260,2 279
71,2016. május 9.,2016. május 15.,32,21,28,38,77,148,240,255,277,300,352,342,260,2 370
72,2016. május 16.,2016. május 22.,34,12,35,45,82,159,229,253,281,330,352,324,245,2 381
73,2016. május 23.,2016. május 29.,25,15,22,37,86,131,229,250,248,305,375,314,224,2 261
74,2016. május 30.,2016. június 5.,38,15,23,38,68,139,230,268,275,293,346,325,227,2 285
75,2016. június 6.,2016. június 12.,31,13,27,52,82,139,204,265,282,275,335,298,232,2 235
76,2016. június 13.,2016. június 19.,35,19,24,36,80,125,214,221,226,286,340,309,236,2 151
77,2016. június 20.,2016. június 26.,31,23,24,50,71,117,233,274,295,360,403,338,262,2 481
78,2016. június 27.,2016. július 3.,35,17,27,56,74,143,229,285,222,312,339,326,238,2 303
79,2016. július 4.,2016. július 10.,40,12,21,36,69,131,171,236,246,288,373,266,213,2 102
80,2016. július 11.,2016. július 17.,37,16,28,49,73,144,229,245,266,314,348,298,229,2 276
81,2016. július 18.,2016. július 24.,40,11,24,46,77,126,205,254,240,319,344,280,244,2 210
82,2016. július 25.,2016. július 31.,30,14,22,47,78,136,243,239,276,297,341,329,225,2 277
83,2016. augusztus 1.,2016. augusztus 7.,27,16,28,46,60,130,213,221,269,325,353,321,212,2 221
84,2016. augusztus 8.,2016. augusztus 14.,37,12,25,46,70,127,226,209,270,263,333,303,199,2 120
85,2016. augusztus 15.,2016. augusztus 21.,29,13,26,34,72,131,223,208,261,293,375,330,227,2 222
86,2016. augusztus 22.,2016. augusztus 28.,17,19,17,50,64,141,230,221,273,316,362,317,214,2 241
87,2016. augusztus 29.,2016. szeptember 4.,31,17,26,47,82,137,250,215,278,345,361,305,226,2 320
88,2016. szeptember 5.,2016. szeptember 11.,30,15,25,43,80,113,246,223,260,321,304,338,248,2 246
89,2016. szeptember 12.,2016. szeptember 18.,37,10,33,47,81,161,227,243,290,307,371,327,231,2 365
90,2016. szeptember 19.,2016. szeptember 25.,37,16,29,41,71,138,215,235,246,289,373,325,248,2 263
91,2016. szeptember 26.,2016. október 2.,33,11,35,45,82,166,228,234,285,336,355,367,246,2 423
92,2016. október 3.,2016. október 9.,35,23,31,49,75,122,245,290,262,347,358,352,258,2 447
93,2016. október 10.,2016. október 16.,26,14,20,51,89,144,235,285,272,344,398,367,293,2 538
94,2016. október 17.,2016. október 23.,28,20,20,45,68,139,251,260,287,340,392,373,270,2 493
95,2016. október 24.,2016. október 30.,26,9,24,42,93,139,205,258,308,313,427,388,295,2 527
96,2016. október 31.,2016. november 6.,16,18,25,46,81,155,237,271,265,328,390,353,273,2 458
97,2016. november 7.,2016. november 13.,26,19,27,49,77,131,238,289,265,321,416,365,248,2 471
98,2016. november 14.,2016. november 20.,33,11,28,58,59,152,251,252,306,334,356,376,267,2 483
99,2016. november 21.,2016. november 27.,31,15,32,47,81,130,243,284,303,330,386,363,294,2 539
100,2016. november 28.,2016. december 4.,22,13,32,46,77,151,246,282,313,333,422,366,237,2 540
101,2016. december 5.,2016. december 11.,34,18,28,49,76,165,280,293,307,329,397,396,263,2 635
102,2016. december 12.,2016. december 18.,33,8,22,44,88,146,260,266,308,324,423,368,295,2 585
103,2016. december 19.,2016. december 25.,31,16,29,54,91,163,269,316,317,348,446,430,335,2 845
104,2016. december 26.,2017. január 1.,23,18,35,51,83,133,249,320,347,378,433,467,360,2 897
105,2017. január 2.,2017. január 8.,43,14,40,56,83,159,282,369,326,443,487,476,377,3 155
106,2017. január 9.,2017. január 15.,17,21,40,58,115,158,320,344,369,442,542,519,366,3 311
107,2017. január 16.,2017. január 22.,33,11,33,57,96,157,341,344,381,455,601,529,411,3 449
108,2017. január 23.,2017. január 29.,44,20,39,66,93,189,355,344,404,482,563,546,429,3 574
109,2017. január 30.,2017. február 5.,38,17,38,56,91,180,336,396,369,480,577,586,452,3 616
110,2017. február 6.,2017. február 12.,30,13,31,69,88,165,286,344,338,451,536,495,410,3 256
111,2017. február 13.,2017. február 19.,32,13,26,44,82,136,287,300,330,388,486,493,374,2 991
112,2017. február 20.,2017. február 26.,40,10,22,51,83,171,282,317,315,409,432,416,342,2 890
113,2017. február 27.,2017. március 5.,18,14,30,60,94,153,239,281,308,369,384,402,316,2 668
114,2017. március 6.,2017. március 12.,32,15,22,47,86,131,235,293,285,382,438,379,326,2 671
115,2017. március 13.,2017. március 19.,32,12,24,51,81,124,245,267,305,350,426,412,253,2 582
116,2017. március 20.,2017. március 26.,34,19,27,50,92,121,223,277,305,365,412,386,273,2 584
117,2017. március 27.,2017. április 2.,32,15,25,40,80,132,251,275,284,363,374,354,321,2 546
118,2017. április 3.,2017. április 9.,38,17,29,42,59,123,241,278,300,319,354,380,242,2 422
119,2017. április 10.,2017. április 16.,37,13,17,35,75,145,246,277,303,343,404,323,274,2 492
120,2017. április 17.,2017. április 23.,28,13,11,51,87,145,254,260,264,339,411,394,270,2 527
121,2017. április 24.,2017. április 30.,32,16,24,39,77,130,220,254,292,376,375,360,285,2 480
122,2017. május 1.,2017. május 7.,39,20,31,44,71,124,224,285,304,342,370,345,280,2 479
123,2017. május 8.,2017. május 14.,35,18,24,46,66,141,238,261,253,306,368,359,225,2 340
124,2017. május 15.,2017. május 21.,31,19,24,45,70,121,220,262,268,337,377,314,235,2 323
125,2017. május 22.,2017. május 28.,24,7,21,51,82,137,225,239,246,324,310,311,232,2 209
126,2017. május 29.,2017. június 4.,35,16,22,55,68,118,229,249,313,350,348,341,238,2 382
127,2017. június 5.,2017. június 11.,28,12,27,28,81,119,226,204,274,289,326,304,208,2 126
128,2017. június 12.,2017. június 18.,27,25,22,59,77,102,198,232,247,307,323,312,214,2 145
129,2017. június 19.,2017. június 25.,23,17,18,48,80,130,257,235,236,317,368,327,241,2 297
130,2017. június 26.,2017. július 2.,41,9,20,39,56,97,192,229,233,312,373,328,207,2 136
131,2017. július 3.,2017. július 9.,25,19,26,44,77,124,205,228,235,287,314,339,220,2 143
132,2017. július 10.,2017. július 16.,28,18,27,52,69,112,247,237,282,294,386,336,200,2 288
133,2017. július 17.,2017. július 23.,26,11,23,47,82,130,213,241,268,297,344,360,229,2 271
134,2017. július 24.,2017. július 30.,28,24,25,53,58,125,210,259,273,299,323,275,188,2 140
135,2017. július 31.,2017. augusztus 6.,43,15,29,56,92,140,237,314,301,323,423,400,284,2 657
136,2017. augusztus 7.,2017. augusztus 13.,33,14,22,47,66,102,225,251,263,320,331,367,251,2 292
137,2017. augusztus 14.,2017. augusztus 20.,29,11,24,43,60,136,181,243,272,281,333,317,217,2 147
138,2017. augusztus 21.,2017. augusztus 27.,30,13,27,28,80,119,221,238,249,276,324,320,230,2 155
139,2017. augusztus 28.,2017. szeptember 3.,28,10,21,47,94,122,194,240,269,320,344,336,214,2 239
140,2017. szeptember 4.,2017. szeptember 10.,23,18,29,59,77,115,203,250,262,291,318,311,230,2 186
141,2017. szeptember 11.,2017. szeptember 17.,30,17,22,53,68,141,223,231,258,295,364,344,244,2 290
142,2017. szeptember 18.,2017. szeptember 24.,27,17,25,51,79,151,225,245,277,325,328,326,236,2 312
143,2017. szeptember 25.,2017. október 1.,30,14,20,58,78,124,227,251,271,311,364,351,252,2 351
144,2017. október 2.,2017. október 8.,32,11,25,50,62,110,226,258,270,319,385,396,284,2 428
145,2017. október 9.,2017. október 15.,34,23,28,47,69,145,232,299,280,362,355,358,264,2 496
146,2017. október 16.,2017. október 22.,22,21,15,48,90,108,250,267,276,319,336,370,235,2 357
147,2017. október 23.,2017. október 29.,35,14,22,49,72,144,240,253,265,293,374,324,253,2 338
148,2017. október 30.,2017. november 5.,38,16,30,55,59,133,251,260,278,311,349,356,261,2 397
149,2017. november 6.,2017. november 12.,34,20,22,49,66,123,240,270,275,302,343,333,247,2 324
150,2017. november 13.,2017. november 19.,30,6,26,52,87,126,246,273,269,329,366,349,264,2 423
151,2017. november 20.,2017. november 26.,42,16,35,53,73,135,224,287,309,334,376,364,255,2 503
152,2017. november 27.,2017. december 3.,26,13,24,45,68,139,222,272,313,304,409,341,261,2 437
153,2017. december 4.,2017. december 10.,24,26,19,56,82,143,252,293,317,354,403,399,287,2 655
154,2017. december 11.,2017. december 17.,35,11,42,40,78,133,235,287,267,369,379,372,332,2 580
155,2017. december 18.,2017. december 24.,34,12,27,56,78,158,245,318,269,343,399,387,279,2 605
156,2017. december 25.,2017. december 31.,40,15,21,53,86,138,262,286,286,369,407,376,289,2 628
157,2018. január 1.,2018. január 7.,28,18,20,49,86,140,247,279,287,351,397,386,307,2 595
158,2018. január 8.,2018. január 14.,32,15,27,48,62,125,247,269,272,337,425,414,273,2 546
159,2018. január 15.,2018. január 21.,23,17,37,45,75,148,253,265,320,404,414,399,275,2 675
160,2018. január 22.,2018. január 28.,30,20,30,49,78,132,262,294,271,361,412,408,308,2 655
161,2018. január 29.,2018. február 4.,34,17,27,47,67,131,265,295,329,354,436,420,309,2 731
162,2018. február 5.,2018. február 11.,37,13,34,36,85,150,265,283,314,370,435,476,335,2 833
163,2018. február 12.,2018. február 18.,34,17,29,49,86,130,285,320,353,426,464,492,352,3 037
164,2018. február 19.,2018. február 25.,29,18,34,47,84,149,329,337,358,413,487,491,385,3 161
165,2018. február 26.,2018. március 4.,34,18,32,66,87,128,306,335,358,475,524,491,383,3 237
166,2018. március 5.,2018. március 11.,27,17,39,72,91,146,287,346,377,444,509,486,377,3 218
167,2018. március 12.,2018. március 18.,31,14,38,61,74,143,283,326,334,403,494,445,370,3 016
168,2018. március 19.,2018. március 25.,28,18,29,51,97,143,278,308,311,387,425,449,354,2 878
169,2018. március 26.,2018. április 1.,41,12,26,47,82,131,243,293,314,375,461,423,326,2 774
170,2018. április 2.,2018. április 8.,36,14,40,39,93,150,245,290,311,361,376,369,298,2 622
171,2018. április 9.,2018. április 15.,37,17,35,44,89,110,240,317,310,304,409,389,275,2 576
172,2018. április 16.,2018. április 22.,29,19,33,45,68,125,243,235,268,335,356,324,256,2 336
173,2018. április 23.,2018. április 29.,30,12,18,45,69,122,217,247,276,343,355,317,249,2 300
174,2018. április 30.,2018. május 6.,23,15,34,44,67,135,227,239,269,303,330,362,246,2 294
175,2018. május 7.,2018. május 13.,32,15,21,50,67,131,198,253,244,286,332,309,222,2 160
176,2018. május 14.,2018. május 20.,30,11,32,42,77,136,199,235,243,261,344,324,220,2 154
177,2018. május 21.,2018. május 27.,33,15,30,37,77,122,235,256,263,289,404,336,255,2 352
178,2018. május 28.,2018. június 3.,28,18,27,43,57,121,241,283,295,297,377,347,259,2 393
179,2018. június 4.,2018. június 10.,29,11,32,49,87,111,240,248,245,304,321,334,217,2 228
180,2018. június 11.,2018. június 17.,30,18,30,42,89,117,244,253,267,301,308,302,242,2 243
181,2018. június 18.,2018. június 24.,25,11,28,38,59,117,199,262,253,292,340,308,256,2 188
182,2018. június 25.,2018. július 1.,30,12,26,38,71,112,210,230,246,298,315,308,244,2 140
183,2018. július 2.,2018. július 8.,34,9,27,47,71,105,197,241,276,308,331,342,237,2 225
184,2018. július 9.,2018. július 15.,38,12,26,44,68,124,199,264,278,334,335,339,224,2 285
185,2018. július 16.,2018. július 22.,34,12,25,39,65,122,236,277,273,286,347,324,225,2 265
186,2018. július 23.,2018. július 29.,29,6,36,46,94,139,235,263,290,329,371,332,219,2 389
187,2018. július 30.,2018. augusztus 5.,38,14,23,50,61,124,231,302,285,333,381,357,280,2 479
188,2018. augusztus 6.,2018. augusztus 12.,32,23,26,52,81,124,214,260,274,342,376,335,280,2 419
189,2018. augusztus 13.,2018. augusztus 19.,28,7,28,39,74,114,209,245,279,304,340,311,221,2 199
190,2018. augusztus 20.,2018. augusztus 26.,35,12,27,39,89,108,187,241,301,344,346,354,240,2 323
191,2018. augusztus 27.,2018. szeptember 2.,27,11,21,48,70,113,208,267,254,332,323,310,270,2 254
192,2018. szeptember 3.,2018. szeptember 9.,34,16,37,45,82,128,220,258,257,308,344,316,222,2 267
193,2018. szeptember 10.,2018. szeptember 16.,32,15,24,40,79,116,259,265,251,330,373,321,251,2 356
194,2018. szeptember 17.,2018. szeptember 23.,33,13,24,43,85,103,237,277,279,318,351,350,272,2 385
195,2018. szeptember 24.,2018. szeptember 30.,30,10,26,47,87,140,221,286,275,302,346,340,252,2 362
196,2018. október 1.,2018. október 7.,24,14,31,37,90,117,224,286,304,336,373,385,277,2 498
197,2018. október 8.,2018. október 14.,29,15,27,31,80,134,236,266,274,357,382,361,320,2 512
198,2018. október 15.,2018. október 21.,31,15,34,55,63,144,232,262,252,315,394,365,270,2 432
199,2018. október 22.,2018. október 28.,27,17,27,48,64,121,240,291,287,317,351,361,258,2 409
200,2018. október 29.,2018. november 4.,17,19,17,45,72,128,224,272,280,320,364,341,262,2 361
201,2018. november 5.,2018. november 11.,25,9,26,46,75,123,221,258,265,318,364,344,288,2 362
202,2018. november 12.,2018. november 18.,29,11,35,53,92,123,213,276,291,334,322,374,255,2 408
203,2018. november 19.,2018. november 25.,28,14,21,62,74,153,219,266,327,373,391,365,262,2 555
204,2018. november 26.,2018. december 2.,31,12,34,41,90,111,226,311,293,334,414,370,292,2 559
205,2018. december 3.,2018. december 9.,29,16,30,50,70,134,267,260,309,387,402,422,268,2 644
206,2018. december 10.,2018. december 16.,21,14,35,35,79,133,264,299,332,377,400,387,301,2 677
207,2018. december 17.,2018. december 23.,31,12,26,64,94,138,257,309,349,386,433,398,300,2 797
208,2018. december 24.,2018. december 30.,30,7,33,52,75,154,256,323,340,383,443,414,350,2 860
209,2018. december 31.,2019. január 6.,35,14,30,63,102,165,263,330,357,394,469,459,373,3 054
210,2019. január 7.,2019. január 13.,30,15,32,48,94,137,280,360,390,415,482,458,349,3 090
211,2019. január 14.,2019. január 20.,30,10,33,52,91,133,263,320,343,426,491,484,361,3 037
212,2019. január 21.,2019. január 27.,33,12,36,60,84,138,298,349,356,441,523,506,398,3 234
213,2019. január 28.,2019. február 3.,35,13,17,65,109,166,308,357,385,478,543,508,400,3 384
214,2019. február 4.,2019. február 10.,28,14,34,62,80,155,270,360,399,440,501,535,385,3 263
215,2019. február 11.,2019. február 17.,34,12,31,58,121,136,292,299,331,441,466,453,360,3 034
216,2019. február 18.,2019. február 24.,26,16,36,47,76,113,239,354,346,402,465,434,334,2 888
217,2019. február 25.,2019. március 3.,46,15,30,61,82,149,243,319,353,397,455,447,312,2 909
218,2019. március 4.,2019. március 10.,34,22,27,49,63,119,230,307,327,377,423,420,315,2 713
219,2019. március 11.,2019. március 17.,30,14,23,48,70,149,245,286,326,396,446,395,305,2 733
220,2019. március 18.,2019. március 24.,25,9,25,42,78,123,206,273,322,300,392,401,273,2 469
221,2019. március 25.,2019. március 31.,28,12,27,35,72,122,221,258,282,362,355,362,275,2 411
222,2019. április 1.,2019. április 7.,33,15,32,46,72,120,222,293,267,318,357,370,269,2 414
223,2019. április 8.,2019. április 14.,35,6,25,35,82,107,226,288,264,346,338,360,281,2 393
224,2019. április 15.,2019. április 21.,30,14,27,46,76,104,212,263,282,352,309,331,281,2 327
225,2019. április 22.,2019. április 28.,19,12,25,31,77,130,234,291,279,321,377,402,244,2 442
226,2019. április 29.,2019. május 5.,22,19,28,51,61,112,221,287,230,341,335,320,289,2 316
227,2019. május 6.,2019. május 12.,23,14,28,42,77,101,184,267,230,367,338,370,242,2 283
228,2019. május 13.,2019. május 19.,23,11,33,36,71,116,215,251,260,334,334,300,224,2 208
229,2019. május 20.,2019. május 26.,21,7,33,40,63,103,195,272,279,321,345,348,256,2 283
230,2019. május 27.,2019. június 2.,28,22,18,43,70,112,223,238,257,302,327,310,246,2 196
231,2019. június 3.,2019. június 9.,30,13,24,44,66,113,237,276,269,323,327,327,239,2 288
232,2019. június 10.,2019. június 16.,34,12,37,55,71,114,236,296,282,390,402,404,290,2 623
233,2019. június 17.,2019. június 23.,32,16,32,30,69,112,188,261,294,282,339,331,231,2 217
234,2019. június 24.,2019. június 30.,35,10,37,54,68,133,208,237,269,325,359,310,202,2 247
235,2019. július 1.,2019. július 7.,35,18,28,47,69,118,218,244,247,327,320,348,223,2 242
236,2019. július 8.,2019. július 14.,25,17,20,33,65,114,181,238,242,285,329,297,219,2 065
237,2019. július 15.,2019. július 21.,25,14,17,49,61,141,193,249,270,308,336,355,274,2 292
238,2019. július 22.,2019. július 28.,28,9,33,43,82,136,233,264,292,349,346,376,280,2 471
239,2019. július 29.,2019. augusztus 4.,25,17,27,41,74,114,172,286,263,298,322,290,241,2 170
240,2019. augusztus 5.,2019. augusztus 11.,23,12,35,37,63,111,188,231,259,298,341,354,263,2 215
241,2019. augusztus 12.,2019. augusztus 18.,35,19,21,45,60,119,213,262,244,352,291,331,226,2 218
242,2019. augusztus 19.,2019. augusztus 25.,33,11,30,36,74,111,194,241,257,312,332,357,247,2 235
243,2019. augusztus 26.,2019. szeptember 1.,25,18,18,55,76,112,199,282,275,313,371,339,290,2 373
244,2019. szeptember 2.,2019. szeptember 8.,30,12,31,45,68,115,204,262,249,303,341,314,225,2 199
245,2019. szeptember 9.,2019. szeptember 15.,39,15,27,36,76,98,210,240,288,295,318,287,225,2 154
246,2019. szeptember 16.,2019. szeptember 22.,37,11,19,47,77,109,202,251,258,309,329,346,246,2 241
247,2019. szeptember 23.,2019. szeptember 29.,30,8,27,51,90,117,226,289,262,352,385,351,306,2 494
248,2019. szeptember 30.,2019. október 6.,35,10,42,48,79,136,221,282,286,342,360,315,286,2 442
249,2019. október 7.,2019. október 13.,39,12,26,39,62,120,197,275,278,314,393,366,261,2 382
250,2019. október 14.,2019. október 20.,25,11,18,30,93,124,183,263,290,353,365,341,298,2 394
251,2019. október 21.,2019. október 27.,26,16,31,44,64,121,167,282,280,339,346,363,276,2 355
252,2019. október 28.,2019. november 3.,25,18,32,46,79,94,188,281,267,331,360,339,237,2 297
253,2019. november 4.,2019. november 10.,23,9,23,36,77,107,214,293,280,354,363,400,264,2 443
254,2019. november 11.,2019. november 17.,29,10,27,30,75,120,194,279,288,322,345,342,298,2 359
255,2019. november 18.,2019. november 24.,36,12,23,40,67,114,191,284,269,329,338,341,257,2 301
256,2019. november 25.,2019. december 1.,32,10,25,40,81,117,198,267,295,314,353,354,271,2 357
257,2019. december 2.,2019. december 8.,30,16,28,46,62,130,228,312,281,372,384,387,285,2 561
258,2019. december 9.,2019. december 15.,33,9,28,51,74,127,236,294,279,376,372,354,293,2 526
259,2019. december 16.,2019. december 22.,37,23,33,44,87,112,226,308,302,349,360,384,273,2 538
260,2019. december 23.,2019. december 29.,28,13,23,29,76,127,203,298,291,345,405,388,269,2 495
261,2019. december 30.,2020. január 5.,26,13,21,48,98,147,239,315,312,361,391,361,277,2 609
262,2020. január 6.,2020. január 12.,35,15,35,40,81,122,228,308,306,341,403,387,285,2 586
263,2020. január 13.,2020. január 19.,30,12,28,52,86,123,216,266,309,374,414,364,308,2 582
264,2020. január 20.,2020. január 26.,26,10,32,42,84,137,245,311,323,384,413,430,283,2 720
265,2020. január 27.,2020. február 2.,32,12,27,40,71,114,243,322,335,450,411,402,341,2 800
266,2020. február 3.,2020. február 9.,22,20,24,42,76,135,224,304,326,390,398,396,278,2 635
267,2020. február 10.,2020. február 16.,33,15,24,42,77,131,206,339,330,403,439,401,310,2 750
268,2020. február 17.,2020. február 23.,23,12,27,37,64,119,205,317,301,386,404,393,298,2 586
269,2020. február 24.,2020. március 1.,28,10,32,56,89,118,233,304,345,390,444,403,330,2 782
270,2020. március 2.,2020. március 8.,31,8,25,40,69,106,224,301,319,379,418,375,310,2 605
271,2020. március 9.,2020. március 15.,40,13,31,27,86,111,197,297,331,404,383,371,286,2 577
272,2020. március 16.,2020. március 22.,29,13,20,45,89,129,227,339,308,403,452,447,300,2 801
273,2020. március 23.,2020. március 29.,32,19,22,50,66,107,199,333,298,355,419,377,314,2 591
274,2020. március 30.,2020. április 5.,29,12,15,49,78,118,247,304,313,341,365,372,282,2 525
275,2020. április 6.,2020. április 12.,34,17,27,48,105,118,232,294,264,380,358,387,308,2 572
276,2020. április 13.,2020. április 19.,25,12,23,55,92,137,201,291,276,348,371,402,276,2 509
277,2020. április 20.,2020. április 26.,26,15,17,53,71,106,212,268,302,338,340,322,286,2 356
278,2020. április 27.,2020. május 3.,34,10,26,36,80,105,179,255,253,315,357,330,270,2 250
279,2020. május 4.,2020. május 10.,22,11,27,53,70,116,192,294,263,324,341,335,243,2 291
280,2020. május 11.,2020. május 17.,31,17,29,46,61,102,218,289,283,312,357,344,255,2 344
281,2020. május 18.,2020. május 24.,30,14,19,40,59,108,166,255,284,326,308,293,209,2 111
282,2020. május 25.,2020. május 31.,38,14,25,43,58,112,202,260,273,310,321,320,216,2 192
283,2020. június 1.,2020. június 7.,26,10,30,45,77,123,236,284,282,327,366,323,268,2 397
284,2020. június 8.,2020. június 14.,24,15,29,45,59,99,202,276,259,304,343,373,260,2 288
285,2020. június 15.,2020. június 21.,29,9,29,58,69,98,189,236,296,279,300,265,214,2 071
286,2020. június 22.,2020. június 28.,25,17,29,40,71,131,209,273,282,328,305,325,228,2 263
287,2020. június 29.,2020. július 5.,29,13,25,46,75,103,191,287,278,343,335,329,260,2 314
288,2020. július 6.,2020. július 12.,31,9,27,39,66,111,210,258,249,273,356,317,227,2 173
289,2020. július 13.,2020. július 19.,24,9,28,39,75,93,167,259,290,289,322,309,208,2 112
290,2020. július 20.,2020. július 26.,25,2,23,42,62,106,181,269,262,315,304,317,244,2 152
291,2020. július 27.,2020. augusztus 2.,28,13,32,47,85,116,197,266,256,342,355,380,242,2 359
292,2020. augusztus 3.,2020. augusztus 9.,27,13,33,49,86,109,212,282,275,329,332,331,234,2 312
293,2020. augusztus 10.,2020. augusztus 16.,23,16,34,51,84,100,193,288,263,319,314,339,241,2 265
294,2020. augusztus 17.,2020. augusztus 23.,22,12,31,45,90,108,175,278,279,298,312,307,265,2 222
295,2020. augusztus 24.,2020. augusztus 30.,27,17,21,34,66,126,171,296,260,312,329,300,245,2 204
296,2020. augusztus 31.,2020. szeptember 6.,35,14,29,40,77,97,180,257,273,335,325,322,236,2 220
297,2020. szeptember 7.,2020. szeptember 13.,29,11,28,36,84,114,193,278,290,308,323,369,270,2 333
298,2020. szeptember 14.,2020. szeptember 20.,27,17,23,53,91,110,208,284,298,356,389,359,256,2 471
299,2020. szeptember 21.,2020. szeptember 27.,30,22,31,47,81,106,189,328,324,343,381,329,248,2 459
300,2020. szeptember 28.,2020. október 4.,42,26,27,38,79,135,191,307,313,393,366,360,285,2 562
301,2020. október 5.,2020. október 11.,33,15,17,41,89,124,185,297,317,383,386,409,267,2 563
302,2020. október 12.,2020. október 18.,23,13,23,53,84,121,238,335,324,416,406,414,302,2 752
303,2020. október 19.,2020. október 25.,43,19,31,60,88,124,212,355,387,430,493,406,339,2 987
304,2020. október 26.,2020. november 1.,32,11,31,60,97,120,257,393,389,469,506,461,359,3 185
305,2020. november 2.,2020. november 8.,34,18,39,57,90,156,239,436,428,527,570,553,401,3 548
306,2020. november 9.,2020. november 15.,44,10,35,68,120,147,287,452,520,608,690,592,389,3 962
307,2020. november 16.,2020. november 22.,29,15,30,61,95,170,286,477,525,596,654,572,441,3 951
308,2020. november 23.,2020. november 29.,27,21,33,64,101,164,319,461,515,584,656,675,445,4 065
309,2020. november 30.,2020. december 6.,33,17,42,64,117,180,310,471,551,575,696,603,511,4 170
310,2020. december 7.,2020. december 13.,42,15,44,78,98,152,283,455,483,606,690,650,494,4 090
311,2020. december 14.,2020. december 20.,33,21,30,62,95,151,286,403,478,543,603,557,470,3 732
312,2020. december 21.,2020. december 27.,41,11,35,62,117,172,273,446,488,529,577,566,437,3 754
313,2020. december 28.,2021. január 3.,33,19,30,50,87,149,235,393,451,514,575,526,389,3 451
314,2021. január 4.,2021. január 10.,23,25,34,52,122,149,272,345,375,455,518,481,348,3 199
315,2021. január 11.,2021. január 17.,25,9,27,60,90,126,237,344,430,475,526,475,333,3 157
316,2021. január 18.,2021. január 24.,27,15,28,52,94,132,245,360,367,453,422,424,338,2 957
317,2021. január 25.,2021. január 31.,28,11,22,55,97,126,219,300,349,372,473,370,354,2 776
318,2021. február 1.,2021. február 7.,38,14,25,46,80,145,233,325,339,379,440,381,318,2 763
319,2021. február 8.,2021. február 14.,35,12,27,43,88,121,206,324,375,377,453,417,287,2 765
320,2021. február 15.,2021. február 21.,28,19,33,46,72,110,208,357,348,410,456,427,282,2 796
321,2021. február 22.,2021. február 28.,23,12,27,49,93,136,239,324,386,401,492,423,309,2 914
322,2021. március 1.,2021. március 7.,13,10,28,51,105,123,225,340,411,440,447,366,279,2 838
